{
  "med_mul": 0.02630498356920675,
  "hard_mul": 0.05127192876269297,
  "med_add": 0.568345911493908,
  "hard_add": 0.6597809040794862,
  "soft_grace": 10,
  "med_grace": 22,
  "hard_grace": 30,
  "soft_w1": 0.5337957377023622,
  "med_w1": 0.4663136055215006,
  "hard_w1": 0,
  "soft_w2": 0.07204084283429661,
  "med_w2": 0.0254708484601465,
  "hard_w2": 0.0254708484601465,
  "temp_scale": 106.28169980435702,
  "temp_power": 1.855480951270926
}