{
  "med_mul": 0,
  "hard_mul": 0,
  "med_add": 1.198434705887706,
  "hard_add": 2.1392406795402485,
  "soft_grace": 9,
  "med_grace": 18,
  "hard_grace": 23,
  "soft_w1": 0.17509805195891875,
  "med_w1": 0.0938355985121269,
  "hard_w1": 0.005766658808506983,
  "soft_w2": 0.14105478480547562,
  "med_w2": 0.04465995039073968,
  "hard_w2": 0.009005827722673117,
  "temp_scale": 150.8132862638924,
  "temp_power": 2.47506290316599
}